"arm","spec","K","ctx","vmt","kv","content","n","decode_med","decode_all","accept_med","out_all","ttft_med"
"dflash2-K11-32k-v2048","dflash2","11","32768","2048","nvfp4","code","3","113.5","113.7/113.5/113.4","48.8","1500/1500/1500","82.6"
"dflash2-K11-32k-v2048","dflash2","11","32768","2048","nvfp4","count","3","184.9","185.9/184.9/184.5","85.3","400/400/400","175"
"dflash2-K11-32k-v2048","dflash2","11","32768","2048","nvfp4","prose","3","38.9","42.4/38.9/38.9","10.5","400/400/400","143"
"dflash2-K5-32k-v2048","dflash2","5","32768","2048","nvfp4","code","3","137.1","137.2/137.1/137","70.2","1500/1500/1500","81.6"
"dflash2-K5-32k-v2048","dflash2","5","32768","2048","nvfp4","count","3","182.3","180.1/182.5/182.3","99.1","400/400/400","178"
"dflash2-K5-32k-v2048","dflash2","5","32768","2048","nvfp4","prose","3","69.6","59.4/69.6/69.8","25.7","400/400/400","145"
"dflash2-K7-32k-v2048","dflash2","7","32768","2048","nvfp4","code","2","159.9","160.3/159.5","62.4","1500/1500","130.7"
"dflash2-K7-32k-v2048","dflash2","7","32768","2048","nvfp4","count","2","232.05","233.7/230.4","96.9","400/400","192.5"
"dflash2-K7-32k-v2048","dflash2","7","32768","2048","nvfp4","prose","1","61.3","61.3","15.1","400","188"
"dflash2-K7-32k-v2048-b","dflash2","7","32768","2048","nvfp4","code","3","158.4","158.4/158.6/158","62.4","1500/1500/1500","86.9"
"dflash2-K7-32k-v2048-b","dflash2","7","32768","2048","nvfp4","count","3","227.6","230.5/226.8/227.6","96.9","400/400/400","169"
"dflash2-K7-32k-v2048-b","dflash2","7","32768","2048","nvfp4","prose","3","68.9","60.9/68.9/68.9","18.8","400/400/400","157"
"dflash2-K7-32k-v8192","dflash2","7","32768","8192","nvfp4","code","2","157.95","157.6/158.3","62.4","1500/1500","130.65"
"dflash2-K7-32k-v8192","dflash2","7","32768","8192","nvfp4","count","2","229.25","230.6/227.9","96.9","400/400","192"
"dflash2-K7-32k-v8192","dflash2","7","32768","8192","nvfp4","prose","2","64.9","60.9/68.9","16.95","400/400","167"
"hd-dflash2-K5-prose4","dflash2","5","32768","2048","nvfp4","prose","4","65.75","68.9/65.7/65.8/65.7","23.1","400/400/400/400","78.6"
"hd-dflash2-K7-32k-fp8","dflash2","7","32768","2048","fp8","code","3","148.8","149.2/148.8/148.8","57.8","1500/1500/1500","84"
"hd-dflash2-K7-32k-fp8","dflash2","7","32768","2048","fp8","count","3","233","235.3/233/232","98","400/400/400","169"
"hd-dflash2-K7-32k-fp8","dflash2","7","32768","2048","fp8","prose","3","61.8","65.4/61.8/61.7","15.3","400/400/400","156"
"hd-dflash2-K7-32k-v2048","dflash2","7","32768","2048","nvfp4","code","3","159.5","160.3/159.5/158.4","62.4","1500/1500/1500","80.6"
"hd-dflash2-K7-32k-v2048","dflash2","7","32768","2048","nvfp4","count","3","229.9","231.9/229.9/228.9","96.9","400/400/400","167"
"hd-dflash2-K7-32k-v2048","dflash2","7","32768","2048","nvfp4","prose","3","69","61.3/69.2/69","18.8","400/400/400","155"
"hd-dflash2-K7-prose6","dflash2","7","32768","2048","nvfp4","prose","6","63.8","65/63.8/63.8/63.8/63.7/63.5","16.4","400/400/400/400/400/400","77.2"
"hd-mtp-d4-32k-v2048","mtp","4","32768","2048","nvfp4","code","3","105.6","105.9/105.6/105.4","68.8","1500/1500/1500","93.1"
"hd-mtp-d4-32k-v2048","mtp","4","32768","2048","nvfp4","count","3","134.6","135.4/134.6/134.4","94.3","400/400/400","148"
"hd-mtp-d4-32k-v2048","mtp","4","32768","2048","nvfp4","prose","3","61.7","59.3/61.8/61.7","29.6","400/400/400","152"
"hd-natstop-dflash2-K7","dflash2","7","32768","2048","nvfp4","code-long","2","157.3","157.3/157.3","62.1","2841/2841","128.1"
"hd-natstop-dflash2-K7","dflash2","7","32768","2048","nvfp4","prose-long","2","63","62.6/63.4","15.95","811/780","126"
"hd-natstop-mtp-d4","mtp","4","32768","2048","nvfp4","code-long","2","101.15","101.1/101.2","64.8","2065/2065","149.9"
"hd-natstop-mtp-d4","mtp","4","32768","2048","nvfp4","prose-long","2","61.8","61.8/61.8","29.7","824/824","137.8"
"mtp-d4-163840-v2048","mtp","4","163840","2048","nvfp4","code","3","105.4","105.6/105.4/105.3","68.8","1500/1500/1500","87.7"
"mtp-d4-163840-v2048","mtp","4","163840","2048","nvfp4","count","3","134.3","134.7/134.3/134","94.3","400/400/400","149"
"mtp-d4-163840-v2048","mtp","4","163840","2048","nvfp4","prose","3","61.6","59.1/61.6/61.6","29.6","400/400/400","155"
"mtp-d4-163840-v8192","mtp","4","163840","8192","nvfp4","code","1","105.4","105.4","68.8","1500","180"
"mtp-d4-163840-v8192","mtp","4","163840","8192","nvfp4","count","1","134.8","134.8","94.3","400","212"
"mtp-d4-163840-v8192","mtp","4","163840","8192","nvfp4","prose","1","59","59","27.3","400","209"
"mtp-d4-32k-v2048","mtp","4","32768","2048","nvfp4","code","3","105.7","105.9/105.7/105.5","68.8","1500/1500/1500","81.1"
"mtp-d4-32k-v2048","mtp","4","32768","2048","nvfp4","count","3","134.3","135.5/134.3/134.3","94.3","400/400/400","151"
"mtp-d4-32k-v2048","mtp","4","32768","2048","nvfp4","prose","3","61.7","59.3/61.8/61.7","29.6","400/400/400","159"
"mtp-d4-32k-v2048-b","mtp","4","32768","2048","nvfp4","code","3","105.5","105.6/105.5/105.4","68.8","1500/1500/1500","86.5"
"mtp-d4-32k-v2048-b","mtp","4","32768","2048","nvfp4","count","3","134.5","135/134.5/133.7","94.3","400/400/400","146"
"mtp-d4-32k-v2048-b","mtp","4","32768","2048","nvfp4","prose","3","61.7","59.2/61.7/61.7","29.6","400/400/400","161"
